<?xml version="1.0" encoding="UTF-8"?>
<project default="javadoc">
<target name="javadoc">
<javadoc
	access="public"
	author="true"
	encoding="ISO-8859-1"
	classpath="../../lib/mbox2.jar:../../lib/book.jar:../../lib/util.jar:../../lib/miterator.jar:../../lib/pherd.jar:../../lib/batik-svggen.jar:../../lib/batik-dom.jar"
	destdir=""
	doctitle="GraphStream API documentation"
	nodeprecated="false"
	nodeprecatedlist="false"
	noindex="false"
	nonavbar="false"
	notree="false"
	source="1.5"
	sourcepath="../../src/"
	splitindex="true"
	stylesheetfile="./stylesheet.css"
	use="true"
	version="true">
	
	<tag name="complexity" description="Complexity:"/>

	<package name="org.miv.graphstream.graph"/>
	<package name="org.miv.graphstream.algorithm"/>
	<package name="org.miv.graphstream.algorithm.coloring"/>
	<package name="org.miv.graphstream.algorithm.generator"/>
	<package name="org.miv.graphstream.algorithm.measure"/>
	<package name="org.miv.graphstream.algorithm.layout2"/>
	<package name="org.miv.graphstream.algorithm.layout2.elasticbox"/>
	<package name="org.miv.graphstream.graph"/>
	<package name="org.miv.graphstream.graph.implementations"/>
	<package name="org.miv.graphstream.io"/>
	<package name="org.miv.graphstream.tool"/>
	<package name="org.miv.graphstream.ui"/>
	<package name="org.miv.graphstream.ui.graphicGraph"/>
	<package name="org.miv.graphstream.ui.graphicGraph.stylesheet"/>
	<package name="org.miv.graphstream.ui.swing"/>
	<package name="org.miv.graphstream.ui.swing.settingsPane"/>
</javadoc>
</target>
</project>